known,known_for_real,prediction,label,accuracy,ood,type1_ood_error,moving_avg
True,True,0,0,1.0,1.0,0.0,1.0
True,True,0,0,1.0,1.0,0.0,1.0
True,True,0,0,1.0,1.0,0.0,1.0
True,True,0,0,1.0,1.0,0.0,1.0
True,True,0,0,1.0,1.0,0.0,1.0
True,True,0,0,1.0,1.0,0.0,1.0
True,True,0,0,1.0,1.0,0.0,1.0
True,True,0,0,1.0,1.0,0.0,1.0
True,True,0,0,1.0,1.0,0.0,1.0
False,False,0,1,1.0,1.0,0.0,1.0
True,True,1,1,1.0,1.0,0.0,1.0
True,True,1,1,1.0,1.0,0.0,1.0
True,True,1,1,1.0,1.0,0.0,1.0
True,True,1,1,1.0,1.0,0.0,1.0
True,True,1,1,1.0,1.0,0.0,1.0
True,True,1,1,1.0,1.0,0.0,1.0
True,True,1,1,1.0,1.0,0.0,1.0
True,True,1,1,1.0,1.0,0.0,1.0
True,True,1,1,1.0,1.0,0.0,1.0
True,False,0,2,1.0,0.6666666666666666,0.0,1.0
True,True,0,2,0.9473684210526315,0.6666666666666666,0.0,0.9473684210526315
True,True,2,2,0.95,0.6666666666666666,0.0,0.95
True,True,2,2,0.9523809523809523,0.6666666666666666,0.0,0.9523809523809523
True,True,2,2,0.9545454545454546,0.6666666666666666,0.0,0.9545454545454546
True,True,2,2,0.9565217391304348,0.6666666666666666,0.0,0.9565217391304348
True,True,2,2,0.9583333333333334,0.6666666666666666,0.0,0.9583333333333334
True,True,2,2,0.96,0.6666666666666666,0.0,0.96
True,True,2,2,0.9615384615384616,0.6666666666666666,0.0,0.9615384615384616
True,True,2,2,0.9629629629629629,0.6666666666666666,0.0,0.9629629629629629
True,False,2,3,0.9629629629629629,0.5,0.0,0.9629629629629629
True,True,3,3,0.9642857142857143,0.5,0.0,0.9642857142857143
True,True,3,3,0.9655172413793104,0.5,0.0,0.9655172413793104
True,True,3,3,0.9666666666666667,0.5,0.0,0.9666666666666667
True,True,3,3,0.967741935483871,0.5,0.0,0.967741935483871
True,True,2,3,0.9375,0.5,0.0,0.9375
True,True,3,3,0.9393939393939394,0.5,0.0,0.9393939393939394
True,True,3,3,0.9411764705882353,0.5,0.0,0.9411764705882353
True,True,3,3,0.9428571428571428,0.5,0.0,0.9428571428571428
True,True,3,3,0.9444444444444444,0.5,0.0,0.9444444444444444
False,False,2,4,0.9444444444444444,0.6,0.0,0.9444444444444444
True,True,4,4,0.9459459459459459,0.6,0.0,0.9459459459459459
True,True,4,4,0.9473684210526315,0.6,0.0,0.9473684210526315
True,True,4,4,0.9487179487179487,0.6,0.0,0.9487179487179487
True,True,4,4,0.95,0.6,0.0,0.95
True,True,4,4,0.9512195121951219,0.6,0.0,0.9512195121951219
True,True,4,4,0.9523809523809523,0.6,0.0,0.9523809523809523
True,True,4,4,0.9534883720930233,0.6,0.0,0.9534883720930233
True,True,4,4,0.9545454545454546,0.6,0.0,0.9545454545454546
True,True,4,4,0.9555555555555556,0.6,0.0,0.9555555555555556
False,False,1,5,0.9555555555555556,0.6666666666666666,0.0,0.9555555555555556
True,True,5,5,0.9565217391304348,0.6666666666666666,0.0,0.9565217391304348
True,True,5,5,0.9574468085106383,0.6666666666666666,0.0,0.9574468085106383
True,True,5,5,0.9583333333333334,0.6666666666666666,0.0,0.9583333333333334
True,True,5,5,0.9591836734693877,0.6666666666666666,0.0,0.9591836734693877
True,True,5,5,0.96,0.6666666666666666,0.0,0.96
True,True,5,5,0.9607843137254902,0.6666666666666666,0.0,0.96
True,True,5,5,0.9615384615384616,0.6666666666666666,0.0,0.96
True,True,5,5,0.9622641509433962,0.6666666666666666,0.0,0.96
True,True,5,5,0.9629629629629629,0.6666666666666666,0.0,0.96
True,False,1,6,0.9629629629629629,0.5714285714285714,0.0,0.96
True,True,6,6,0.9636363636363636,0.5714285714285714,0.0,0.96
True,True,6,6,0.9642857142857143,0.5714285714285714,0.0,0.96
True,True,6,6,0.9649122807017544,0.5714285714285714,0.0,0.96
True,True,6,6,0.9655172413793104,0.5714285714285714,0.0,0.96
True,True,6,6,0.9661016949152542,0.5714285714285714,0.0,0.96
True,True,6,6,0.9666666666666667,0.5714285714285714,0.0,0.96
True,True,6,6,0.9672131147540983,0.5714285714285714,0.0,0.96
True,True,6,6,0.967741935483871,0.5714285714285714,0.0,0.96
True,True,6,6,0.9682539682539683,0.5714285714285714,0.0,0.96
False,False,4,7,0.9682539682539683,0.625,0.0,0.96
True,True,7,7,0.96875,0.625,0.0,0.96
True,True,7,7,0.9692307692307692,0.625,0.0,0.96
True,True,7,7,0.9696969696969697,0.625,0.0,0.96
True,True,7,7,0.9701492537313433,0.625,0.0,0.96
True,True,7,7,0.9705882352941176,0.625,0.0,0.96
True,True,7,7,0.9710144927536232,0.625,0.0,0.98
True,True,7,7,0.9714285714285714,0.625,0.0,0.98
True,True,7,7,0.971830985915493,0.625,0.0,0.98
True,True,7,7,0.9722222222222222,0.625,0.0,0.98
True,False,2,8,0.9722222222222222,0.5555555555555556,0.0,0.98
True,True,8,8,0.9726027397260274,0.5555555555555556,0.0,0.98
True,True,8,8,0.972972972972973,0.5555555555555556,0.0,0.98
True,True,8,8,0.9733333333333334,0.5555555555555556,0.0,0.98
True,True,2,8,0.9605263157894737,0.5555555555555556,0.0,0.96
True,True,8,8,0.961038961038961,0.5555555555555556,0.0,0.96
True,True,8,8,0.9615384615384616,0.5555555555555556,0.0,0.96
True,True,8,8,0.9620253164556962,0.5555555555555556,0.0,0.96
True,True,8,8,0.9625,0.5555555555555556,0.0,0.96
True,True,8,8,0.9629629629629629,0.5555555555555556,0.0,0.96
True,False,8,9,0.9629629629629629,0.5,0.0,0.96
True,True,9,9,0.9634146341463414,0.5,0.0,0.98
True,True,9,9,0.963855421686747,0.5,0.0,0.98
True,True,9,9,0.9642857142857143,0.5,0.0,0.98
True,True,9,9,0.9647058823529412,0.5,0.0,0.98
True,True,9,9,0.9651162790697675,0.5,0.0,0.98
True,True,9,9,0.9655172413793104,0.5,0.0,0.98
True,True,9,9,0.9659090909090909,0.5,0.0,0.98
True,True,9,9,0.9662921348314607,0.5,0.0,0.98
True,True,9,9,0.9666666666666667,0.5,0.0,0.98
True,False,3,10,0.9666666666666667,0.45454545454545453,0.0,0.98
True,True,2,10,0.9560439560439561,0.45454545454545453,0.0,0.96
True,True,3,10,0.9456521739130435,0.45454545454545453,0.0,0.94
True,True,2,10,0.9354838709677419,0.45454545454545453,0.0,0.92
True,True,10,10,0.9361702127659575,0.45454545454545453,0.0,0.92
True,True,10,10,0.9368421052631579,0.45454545454545453,0.0,0.92
True,True,10,10,0.9375,0.45454545454545453,0.0,0.92
True,True,10,10,0.9381443298969072,0.45454545454545453,0.0,0.92
True,True,10,10,0.9387755102040817,0.45454545454545453,0.0,0.92
True,True,10,10,0.9393939393939394,0.45454545454545453,0.0,0.92
True,False,4,11,0.9393939393939394,0.4166666666666667,0.0,0.92
True,True,11,11,0.94,0.4166666666666667,0.0,0.92
True,True,11,11,0.9405940594059405,0.4166666666666667,0.0,0.92
True,True,11,11,0.9411764705882353,0.4166666666666667,0.0,0.92
True,True,11,11,0.941747572815534,0.4166666666666667,0.0,0.92
True,True,11,11,0.9423076923076923,0.4166666666666667,0.0,0.92
True,True,11,11,0.9428571428571428,0.4166666666666667,0.0,0.92
True,True,11,11,0.9433962264150944,0.4166666666666667,0.0,0.92
True,True,11,11,0.9439252336448598,0.4166666666666667,0.0,0.92
True,True,11,11,0.9444444444444444,0.4166666666666667,0.0,0.92
True,False,7,12,0.9444444444444444,0.38461538461538464,0.0,0.92
True,True,12,12,0.944954128440367,0.38461538461538464,0.0,0.92
True,True,12,12,0.9454545454545454,0.38461538461538464,0.0,0.92
True,True,12,12,0.9459459459459459,0.38461538461538464,0.0,0.92
True,True,12,12,0.9464285714285714,0.38461538461538464,0.0,0.92
True,True,12,12,0.9469026548672567,0.38461538461538464,0.0,0.92
True,True,12,12,0.9473684210526315,0.38461538461538464,0.0,0.92
True,True,12,12,0.9478260869565217,0.38461538461538464,0.0,0.92
True,True,12,12,0.9482758620689655,0.38461538461538464,0.0,0.92
True,True,12,12,0.9487179487179487,0.38461538461538464,0.0,0.92
True,False,12,13,0.9487179487179487,0.35714285714285715,0.0,0.92
True,True,13,13,0.9491525423728814,0.35714285714285715,0.0,0.92
True,True,13,13,0.9495798319327731,0.35714285714285715,0.0,0.92
True,True,13,13,0.95,0.35714285714285715,0.0,0.92
True,True,13,13,0.9504132231404959,0.35714285714285715,0.0,0.92
True,True,13,13,0.9508196721311475,0.35714285714285715,0.0,0.92
True,True,13,13,0.9512195121951219,0.35714285714285715,0.0,0.92
True,True,13,13,0.9516129032258065,0.35714285714285715,0.0,0.92
True,True,13,13,0.952,0.35714285714285715,0.0,0.92
True,True,13,13,0.9523809523809523,0.35714285714285715,0.0,0.94
True,False,10,14,0.9523809523809523,0.3333333333333333,0.0,0.94
True,True,14,14,0.952755905511811,0.3333333333333333,0.0,0.94
True,True,14,14,0.953125,0.3333333333333333,0.0,0.94
True,True,14,14,0.9534883720930233,0.3333333333333333,0.0,0.94
True,True,14,14,0.9538461538461539,0.3333333333333333,0.0,0.94
True,True,14,14,0.9541984732824428,0.3333333333333333,0.0,0.94
True,True,14,14,0.9545454545454546,0.3333333333333333,0.0,0.94
True,True,14,14,0.9548872180451128,0.3333333333333333,0.0,0.94
True,True,14,14,0.9552238805970149,0.3333333333333333,0.0,0.94
True,True,14,14,0.9555555555555556,0.3333333333333333,0.0,0.94
True,False,0,15,0.9555555555555556,0.3125,0.0,0.94
True,True,15,15,0.9558823529411765,0.3125,0.0,0.94
True,True,15,15,0.9562043795620438,0.3125,0.0,0.94
True,True,15,15,0.9565217391304348,0.3125,0.0,0.94
True,True,15,15,0.9568345323741008,0.3125,0.0,0.94
True,True,15,15,0.9571428571428572,0.3125,0.0,0.94
True,True,15,15,0.9574468085106383,0.3125,0.0,0.96
True,True,15,15,0.9577464788732394,0.3125,0.0,0.98
True,True,15,15,0.958041958041958,0.3125,0.0,1.0
True,True,15,15,0.9583333333333334,0.3125,0.0,1.0
True,False,5,20,0.9583333333333334,0.29411764705882354,0.0,1.0
True,True,16,20,0.9586206896551724,0.29411764705882354,0.0,1.0
True,True,16,20,0.958904109589041,0.29411764705882354,0.0,1.0
True,True,16,20,0.9591836734693877,0.29411764705882354,0.0,1.0
True,True,16,20,0.9594594594594594,0.29411764705882354,0.0,1.0
True,True,16,20,0.959731543624161,0.29411764705882354,0.0,1.0
True,True,16,20,0.96,0.29411764705882354,0.0,1.0
True,True,16,20,0.9602649006622517,0.29411764705882354,0.0,1.0
True,True,16,20,0.9605263157894737,0.29411764705882354,0.0,1.0
True,True,16,20,0.9607843137254902,0.29411764705882354,0.0,1.0
True,False,13,16,0.9607843137254902,0.2777777777777778,0.0,1.0
True,True,17,16,0.961038961038961,0.2777777777777778,0.0,1.0
True,True,17,16,0.9612903225806452,0.2777777777777778,0.0,1.0
True,True,17,16,0.9615384615384616,0.2777777777777778,0.0,1.0
True,True,17,16,0.9617834394904459,0.2777777777777778,0.0,1.0
True,True,17,16,0.9620253164556962,0.2777777777777778,0.0,1.0
True,True,17,16,0.9622641509433962,0.2777777777777778,0.0,1.0
True,True,17,16,0.9625,0.2777777777777778,0.0,1.0
True,True,17,16,0.9627329192546584,0.2777777777777778,0.0,1.0
True,True,17,16,0.9629629629629629,0.2777777777777778,0.0,1.0
True,False,5,17,0.9629629629629629,0.2631578947368421,0.0,1.0
True,True,18,17,0.9631901840490797,0.2631578947368421,0.0,1.0
True,True,18,17,0.9634146341463414,0.2631578947368421,0.0,1.0
True,True,18,17,0.9636363636363636,0.2631578947368421,0.0,1.0
True,True,18,17,0.963855421686747,0.2631578947368421,0.0,1.0
True,True,18,17,0.9640718562874252,0.2631578947368421,0.0,1.0
True,True,18,17,0.9642857142857143,0.2631578947368421,0.0,1.0
True,True,18,17,0.9644970414201184,0.2631578947368421,0.0,1.0
True,True,18,17,0.9647058823529412,0.2631578947368421,0.0,1.0
True,True,18,17,0.9649122807017544,0.2631578947368421,0.0,1.0
True,False,8,18,0.9649122807017544,0.25,0.0,1.0
True,True,19,18,0.9651162790697675,0.25,0.0,1.0
True,True,19,18,0.9653179190751445,0.25,0.0,1.0
True,True,19,18,0.9655172413793104,0.25,0.0,1.0
True,True,19,18,0.9657142857142857,0.25,0.0,1.0
True,True,19,18,0.9659090909090909,0.25,0.0,1.0
True,True,19,18,0.9661016949152542,0.25,0.0,1.0
True,True,19,18,0.9662921348314607,0.25,0.0,1.0
True,True,19,18,0.9664804469273743,0.25,0.0,1.0
True,True,19,18,0.9666666666666667,0.25,0.0,1.0
True,False,14,19,0.9666666666666667,0.23809523809523808,0.0,1.0
False,True,20,19,0.9668508287292817,0.23809523809523808,0.0055248618784530384,1.0
True,True,14,19,0.9615384615384616,0.23809523809523808,0.005494505494505495,0.98
True,True,20,19,0.9617486338797814,0.23809523809523808,0.00546448087431694,0.98
True,True,20,19,0.9619565217391305,0.23809523809523808,0.005434782608695652,0.98
True,True,20,19,0.9621621621621622,0.23809523809523808,0.005405405405405406,0.98
True,True,20,19,0.9623655913978495,0.23809523809523808,0.005376344086021506,0.98
True,True,20,19,0.9625668449197861,0.23809523809523808,0.0053475935828877,0.98
True,True,20,19,0.9627659574468085,0.23809523809523808,0.005319148936170213,0.98
True,True,20,19,0.9629629629629629,0.23809523809523808,0.005291005291005291,0.98
True,False,9,21,0.9629629629629629,0.22727272727272727,0.005291005291005291,0.98
True,True,21,21,0.9631578947368421,0.22727272727272727,0.005263157894736842,0.98
True,True,21,21,0.9633507853403142,0.22727272727272727,0.005235602094240838,0.98
True,True,21,21,0.9635416666666666,0.22727272727272727,0.005208333333333333,0.98
True,True,21,21,0.9637305699481865,0.22727272727272727,0.0051813471502590676,0.98
True,True,21,21,0.9639175257731959,0.22727272727272727,0.005154639175257732,0.98
True,True,21,21,0.9641025641025641,0.22727272727272727,0.005128205128205128,0.98
True,True,21,21,0.9642857142857143,0.22727272727272727,0.00510204081632653,0.98
True,True,21,21,0.9644670050761421,0.22727272727272727,0.005076142131979695,0.98
True,True,21,21,0.9646464646464646,0.22727272727272727,0.005050505050505051,0.98
True,False,8,22,0.9646464646464646,0.21739130434782608,0.005050505050505051,0.98
True,True,22,22,0.964824120603015,0.21739130434782608,0.005025125628140704,0.98
True,True,22,22,0.965,0.21739130434782608,0.005,0.98
True,True,22,22,0.9651741293532339,0.21739130434782608,0.004975124378109453,0.98
True,True,22,22,0.9653465346534653,0.21739130434782608,0.0049504950495049506,0.98
True,True,22,22,0.9655172413793104,0.21739130434782608,0.0049261083743842365,0.98
True,True,22,22,0.9656862745098039,0.21739130434782608,0.004901960784313725,0.98
True,True,22,22,0.9658536585365853,0.21739130434782608,0.004878048780487805,0.98
True,True,22,22,0.9660194174757282,0.21739130434782608,0.0048543689320388345,0.98
True,True,22,22,0.966183574879227,0.21739130434782608,0.004830917874396135,0.98
True,False,12,23,0.966183574879227,0.20833333333333334,0.004830917874396135,0.98
True,True,23,23,0.9663461538461539,0.20833333333333334,0.004807692307692308,0.98
True,True,23,23,0.9665071770334929,0.20833333333333334,0.004784688995215311,0.98
True,True,23,23,0.9666666666666667,0.20833333333333334,0.004761904761904762,0.98
True,True,23,23,0.966824644549763,0.20833333333333334,0.004739336492890996,0.98
True,True,23,23,0.9669811320754716,0.20833333333333334,0.0047169811320754715,0.98
True,True,23,23,0.9671361502347418,0.20833333333333334,0.004694835680751174,0.98
True,True,23,23,0.9672897196261683,0.20833333333333334,0.004672897196261682,0.98
True,True,23,23,0.9674418604651163,0.20833333333333334,0.004651162790697674,0.98
True,True,23,23,0.9675925925925926,0.20833333333333334,0.004629629629629629,0.98
True,False,8,24,0.9675925925925926,0.2,0.004629629629629629,0.98
True,True,24,24,0.967741935483871,0.2,0.004608294930875576,0.98
True,True,24,24,0.9678899082568807,0.2,0.0045871559633027525,0.98
True,True,24,24,0.9680365296803652,0.2,0.0045662100456621,0.98
True,True,24,24,0.9681818181818181,0.2,0.004545454545454545,0.98
True,True,24,24,0.9683257918552036,0.2,0.004524886877828055,0.98
True,True,24,24,0.9684684684684685,0.2,0.0045045045045045045,0.98
True,True,24,24,0.968609865470852,0.2,0.004484304932735426,0.98
True,True,24,24,0.96875,0.2,0.004464285714285714,0.98
True,True,24,24,0.9688888888888889,0.2,0.0044444444444444444,0.98
True,False,15,25,0.9688888888888889,0.19230769230769232,0.0044444444444444444,0.98
True,True,25,25,0.9690265486725663,0.19230769230769232,0.004424778761061947,0.98
True,True,25,25,0.9691629955947136,0.19230769230769232,0.004405286343612335,0.98
True,True,25,25,0.9692982456140351,0.19230769230769232,0.0043859649122807015,0.98
True,True,25,25,0.9694323144104804,0.19230769230769232,0.004366812227074236,0.98
True,True,25,25,0.9695652173913043,0.19230769230769232,0.004347826086956522,0.98
True,True,25,25,0.9696969696969697,0.19230769230769232,0.004329004329004329,0.98
True,True,25,25,0.9698275862068966,0.19230769230769232,0.004310344827586207,1.0
True,True,25,25,0.9699570815450643,0.19230769230769232,0.004291845493562232,1.0
True,True,25,25,0.9700854700854701,0.19230769230769232,0.004273504273504274,1.0
True,False,10,26,0.9700854700854701,0.18518518518518517,0.004273504273504274,1.0
True,True,26,26,0.9702127659574468,0.18518518518518517,0.00425531914893617,1.0
True,True,26,26,0.9703389830508474,0.18518518518518517,0.00423728813559322,1.0
True,True,26,26,0.9704641350210971,0.18518518518518517,0.004219409282700422,1.0
True,True,26,26,0.9705882352941176,0.18518518518518517,0.004201680672268907,1.0
True,True,26,26,0.9707112970711297,0.18518518518518517,0.0041841004184100415,1.0
True,True,26,26,0.9708333333333333,0.18518518518518517,0.004166666666666667,1.0
True,True,26,26,0.970954356846473,0.18518518518518517,0.004149377593360996,1.0
True,True,26,26,0.9710743801652892,0.18518518518518517,0.004132231404958678,1.0
True,True,26,26,0.9711934156378601,0.18518518518518517,0.00411522633744856,1.0
True,False,2,27,0.9711934156378601,0.17857142857142858,0.00411522633744856,1.0
True,True,19,27,0.9672131147540983,0.17857142857142858,0.004098360655737705,0.98
True,True,19,27,0.963265306122449,0.17857142857142858,0.004081632653061225,0.96
True,True,19,27,0.959349593495935,0.17857142857142858,0.0040650406504065045,0.94
True,True,27,27,0.9595141700404858,0.17857142857142858,0.004048582995951417,0.94
True,True,27,27,0.9596774193548387,0.17857142857142858,0.004032258064516129,0.94
True,True,27,27,0.9598393574297188,0.17857142857142858,0.004016064257028112,0.94
True,True,27,27,0.96,0.17857142857142858,0.004,0.94
True,True,27,27,0.9601593625498008,0.17857142857142858,0.00398406374501992,0.94
True,True,27,27,0.9603174603174603,0.17857142857142858,0.003968253968253968,0.94
True,False,9,28,0.9603174603174603,0.1724137931034483,0.003968253968253968,0.94
True,True,28,28,0.9604743083003953,0.1724137931034483,0.003952569169960474,0.94
True,True,28,28,0.9606299212598425,0.1724137931034483,0.003937007874015748,0.94
True,True,13,28,0.9568627450980393,0.1724137931034483,0.00392156862745098,0.92
True,True,28,28,0.95703125,0.1724137931034483,0.00390625,0.92
True,True,28,28,0.9571984435797666,0.1724137931034483,0.0038910505836575876,0.92
True,True,28,28,0.9573643410852714,0.1724137931034483,0.003875968992248062,0.92
True,True,28,28,0.9575289575289575,0.1724137931034483,0.003861003861003861,0.92
True,True,28,28,0.9576923076923077,0.1724137931034483,0.0038461538461538464,0.92
True,True,28,28,0.9578544061302682,0.1724137931034483,0.0038314176245210726,0.92
True,False,0,29,0.9578544061302682,0.16666666666666666,0.0038314176245210726,0.92
True,True,29,29,0.9580152671755725,0.16666666666666666,0.003816793893129771,0.92
True,True,29,29,0.9581749049429658,0.16666666666666666,0.0038022813688212928,0.92
True,True,29,29,0.9583333333333334,0.16666666666666666,0.003787878787878788,0.92
True,True,29,29,0.9584905660377359,0.16666666666666666,0.0037735849056603774,0.92
True,True,29,29,0.9586466165413534,0.16666666666666666,0.0037593984962406013,0.92
True,True,29,29,0.9588014981273408,0.16666666666666666,0.003745318352059925,0.92
True,True,29,29,0.9589552238805971,0.16666666666666666,0.0037313432835820895,0.92
True,True,29,29,0.9591078066914498,0.16666666666666666,0.0037174721189591076,0.92
True,True,29,29,0.9592592592592593,0.16666666666666666,0.003703703703703704,0.92
True,False,25,30,0.9592592592592593,0.16129032258064516,0.003703703703703704,0.92
True,True,29,30,0.955719557195572,0.16129032258064516,0.0036900369003690036,0.9
True,True,30,30,0.9558823529411765,0.16129032258064516,0.003676470588235294,0.9
True,True,29,30,0.9523809523809523,0.16129032258064516,0.003663003663003663,0.88
True,True,18,30,0.948905109489051,0.16129032258064516,0.0036496350364963502,0.86
True,True,30,30,0.9490909090909091,0.16129032258064516,0.0036363636363636364,0.86
True,True,30,30,0.9492753623188406,0.16129032258064516,0.0036231884057971015,0.86
True,True,30,30,0.9494584837545126,0.16129032258064516,0.0036101083032490976,0.86
True,True,30,30,0.9496402877697842,0.16129032258064516,0.0035971223021582736,0.86
True,True,30,30,0.9498207885304659,0.16129032258064516,0.0035842293906810036,0.86
True,False,29,31,0.9498207885304659,0.15625,0.0035842293906810036,0.86
True,True,31,31,0.95,0.15625,0.0035714285714285713,0.86
True,True,31,31,0.9501779359430605,0.15625,0.0035587188612099642,0.86
True,True,31,31,0.950354609929078,0.15625,0.0035460992907801418,0.86
True,True,31,31,0.950530035335689,0.15625,0.0035335689045936395,0.86
True,True,31,31,0.9507042253521126,0.15625,0.0035211267605633804,0.86
True,True,31,31,0.9508771929824561,0.15625,0.0035087719298245615,0.86
True,True,31,31,0.951048951048951,0.15625,0.0034965034965034965,0.86
True,True,31,31,0.9512195121951219,0.15625,0.003484320557491289,0.86
True,True,31,31,0.9513888888888888,0.15625,0.003472222222222222,0.86
True,False,9,32,0.9513888888888888,0.15151515151515152,0.003472222222222222,0.86
True,True,32,32,0.9515570934256056,0.15151515151515152,0.0034602076124567475,0.86
True,True,32,32,0.9517241379310345,0.15151515151515152,0.0034482758620689655,0.86
True,True,32,32,0.9518900343642611,0.15151515151515152,0.003436426116838488,0.86
True,True,32,32,0.952054794520548,0.15151515151515152,0.003424657534246575,0.86
True,True,32,32,0.9522184300341296,0.15151515151515152,0.0034129692832764505,0.86
True,True,32,32,0.9523809523809523,0.15151515151515152,0.003401360544217687,0.88
True,True,32,32,0.9525423728813559,0.15151515151515152,0.003389830508474576,0.9
True,True,32,32,0.9527027027027027,0.15151515151515152,0.0033783783783783786,0.92
True,True,32,32,0.9528619528619529,0.15151515151515152,0.003367003367003367,0.92
True,False,32,33,0.9528619528619529,0.14705882352941177,0.003367003367003367,0.92
True,True,33,33,0.9530201342281879,0.14705882352941177,0.003355704697986577,0.92
True,True,33,33,0.9531772575250836,0.14705882352941177,0.0033444816053511705,0.92
True,True,33,33,0.9533333333333334,0.14705882352941177,0.0033333333333333335,0.92
True,True,33,33,0.9534883720930233,0.14705882352941177,0.0033222591362126247,0.92
True,True,33,33,0.9536423841059603,0.14705882352941177,0.0033112582781456954,0.92
True,True,33,33,0.9537953795379538,0.14705882352941177,0.0033003300330033004,0.92
True,True,33,33,0.9539473684210527,0.14705882352941177,0.003289473684210526,0.92
True,True,33,33,0.9540983606557377,0.14705882352941177,0.003278688524590164,0.94
True,True,33,33,0.954248366013072,0.14705882352941177,0.0032679738562091504,0.94
True,False,13,34,0.954248366013072,0.14285714285714285,0.0032679738562091504,0.94
True,True,13,34,0.9511400651465798,0.14285714285714285,0.003257328990228013,0.92
True,True,34,34,0.9512987012987013,0.14285714285714285,0.003246753246753247,0.92
True,True,34,34,0.9514563106796117,0.14285714285714285,0.003236245954692557,0.92
True,True,34,34,0.9516129032258065,0.14285714285714285,0.0032258064516129032,0.92
True,True,34,34,0.9517684887459807,0.14285714285714285,0.003215434083601286,0.92
True,True,34,34,0.9519230769230769,0.14285714285714285,0.003205128205128205,0.92
True,True,34,34,0.952076677316294,0.14285714285714285,0.003194888178913738,0.92
True,True,34,34,0.9522292993630573,0.14285714285714285,0.0031847133757961785,0.92
True,True,34,34,0.9523809523809523,0.14285714285714285,0.0031746031746031746,0.92
True,False,6,35,0.9523809523809523,0.1388888888888889,0.0031746031746031746,0.92
True,True,35,35,0.9525316455696202,0.1388888888888889,0.0031645569620253164,0.92
True,True,35,35,0.9526813880126183,0.1388888888888889,0.0031545741324921135,0.92
True,True,6,35,0.949685534591195,0.1388888888888889,0.0031446540880503146,0.9
True,True,35,35,0.9498432601880877,0.1388888888888889,0.003134796238244514,0.9
True,True,35,35,0.95,0.1388888888888889,0.003125,0.9
True,True,35,35,0.9501557632398754,0.1388888888888889,0.003115264797507788,0.92
True,True,35,35,0.9503105590062112,0.1388888888888889,0.003105590062111801,0.92
True,True,35,35,0.9504643962848297,0.1388888888888889,0.0030959752321981426,0.94
True,True,35,35,0.9506172839506173,0.1388888888888889,0.0030864197530864196,0.96
True,False,18,36,0.9506172839506173,0.13513513513513514,0.0030864197530864196,0.96
True,True,36,36,0.9507692307692308,0.13513513513513514,0.003076923076923077,0.96
True,True,36,36,0.950920245398773,0.13513513513513514,0.003067484662576687,0.96
True,True,36,36,0.9510703363914373,0.13513513513513514,0.0030581039755351682,0.96
True,True,36,36,0.9512195121951219,0.13513513513513514,0.003048780487804878,0.96
True,True,36,36,0.9513677811550152,0.13513513513513514,0.00303951367781155,0.96
True,True,36,36,0.9515151515151515,0.13513513513513514,0.0030303030303030303,0.96
True,True,36,36,0.9516616314199395,0.13513513513513514,0.0030211480362537764,0.96
True,True,36,36,0.9518072289156626,0.13513513513513514,0.0030120481927710845,0.96
True,True,36,36,0.9519519519519519,0.13513513513513514,0.003003003003003003,0.96
True,False,9,37,0.9519519519519519,0.13157894736842105,0.003003003003003003,0.96
True,True,37,37,0.9520958083832335,0.13157894736842105,0.0029940119760479044,0.96
True,True,37,37,0.9522388059701492,0.13157894736842105,0.0029850746268656717,0.96
True,True,37,37,0.9523809523809523,0.13157894736842105,0.002976190476190476,0.96
True,True,37,37,0.9525222551928784,0.13157894736842105,0.002967359050445104,0.96
True,True,37,37,0.9526627218934911,0.13157894736842105,0.0029585798816568047,0.96
True,True,37,37,0.9528023598820059,0.13157894736842105,0.0029498525073746312,0.96
True,True,37,37,0.9529411764705882,0.13157894736842105,0.0029411764705882353,0.96
True,True,37,37,0.9530791788856305,0.13157894736842105,0.002932551319648094,0.96
True,True,37,37,0.9532163742690059,0.13157894736842105,0.0029239766081871343,0.96
True,False,2,38,0.9532163742690059,0.1282051282051282,0.0029239766081871343,0.96
True,True,36,38,0.9504373177842566,0.1282051282051282,0.0029154518950437317,0.94
True,True,23,38,0.9476744186046512,0.1282051282051282,0.0029069767441860465,0.92
True,True,38,38,0.9478260869565217,0.1282051282051282,0.002898550724637681,0.92
True,True,38,38,0.9479768786127167,0.1282051282051282,0.002890173410404624,0.92
True,True,38,38,0.9481268011527377,0.1282051282051282,0.002881844380403458,0.92
True,True,38,38,0.9482758620689655,0.1282051282051282,0.0028735632183908046,0.92
True,True,38,38,0.9484240687679083,0.1282051282051282,0.0028653295128939827,0.92
True,True,38,38,0.9485714285714286,0.1282051282051282,0.002857142857142857,0.92
True,True,38,38,0.9487179487179487,0.1282051282051282,0.002849002849002849,0.92
True,False,15,39,0.9487179487179487,0.125,0.002849002849002849,0.92
True,True,39,39,0.9488636363636364,0.125,0.002840909090909091,0.92
True,True,39,39,0.9490084985835694,0.125,0.0028328611898017,0.92
True,True,39,39,0.9491525423728814,0.125,0.002824858757062147,0.92
True,True,39,39,0.9492957746478873,0.125,0.0028169014084507044,0.92
True,True,39,39,0.949438202247191,0.125,0.0028089887640449437,0.92
True,True,39,39,0.9495798319327731,0.125,0.0028011204481792717,0.94
True,True,39,39,0.9497206703910615,0.125,0.002793296089385475,0.94
True,True,39,39,0.9498607242339833,0.125,0.002785515320334262,0.94
True,True,39,39,0.95,0.125,0.002777777777777778,0.94
True,False,4,40,0.95,0.12195121951219512,0.002777777777777778,0.94
True,True,40,40,0.9501385041551247,0.12195121951219512,0.002770083102493075,0.94
True,True,40,40,0.9502762430939227,0.12195121951219512,0.0027624309392265192,0.94
True,True,4,40,0.9476584022038568,0.12195121951219512,0.0027548209366391185,0.92
True,True,40,40,0.9478021978021978,0.12195121951219512,0.0027472527472527475,0.92
True,True,40,40,0.947945205479452,0.12195121951219512,0.0027397260273972603,0.92
True,True,40,40,0.9480874316939891,0.12195121951219512,0.00273224043715847,0.92
True,True,40,40,0.9482288828337875,0.12195121951219512,0.0027247956403269754,0.92
True,True,40,40,0.9483695652173914,0.12195121951219512,0.002717391304347826,0.94
True,True,40,40,0.948509485094851,0.12195121951219512,0.0027100271002710027,0.94
True,False,14,41,0.948509485094851,0.11904761904761904,0.0027100271002710027,0.94
True,True,41,41,0.9486486486486486,0.11904761904761904,0.002702702702702703,0.94
True,True,41,41,0.9487870619946092,0.11904761904761904,0.0026954177897574125,0.94
True,True,41,41,0.9489247311827957,0.11904761904761904,0.002688172043010753,0.94
True,True,41,41,0.9490616621983914,0.11904761904761904,0.002680965147453083,0.94
True,True,41,41,0.9491978609625669,0.11904761904761904,0.00267379679144385,0.94
True,True,41,41,0.9493333333333334,0.11904761904761904,0.0026666666666666666,0.94
True,True,41,41,0.949468085106383,0.11904761904761904,0.0026595744680851063,0.94
True,True,41,41,0.9496021220159151,0.11904761904761904,0.002652519893899204,0.94
True,True,41,41,0.9497354497354498,0.11904761904761904,0.0026455026455026454,0.94
True,False,18,42,0.9497354497354498,0.11627906976744186,0.0026455026455026454,0.94
True,True,10,42,0.9472295514511874,0.11627906976744186,0.002638522427440633,0.92
True,True,42,42,0.9473684210526315,0.11627906976744186,0.002631578947368421,0.92
True,True,42,42,0.94750656167979,0.11627906976744186,0.0026246719160104987,0.92
True,True,42,42,0.9476439790575916,0.11627906976744186,0.002617801047120419,0.92
True,True,42,42,0.9477806788511749,0.11627906976744186,0.0026109660574412533,0.92
True,True,42,42,0.9479166666666666,0.11627906976744186,0.0026041666666666665,0.92
True,True,14,42,0.9454545454545454,0.11627906976744186,0.0025974025974025974,0.9
True,True,42,42,0.9455958549222798,0.11627906976744186,0.0025906735751295338,0.9
True,True,42,42,0.9457364341085271,0.11627906976744186,0.002583979328165375,0.9
True,False,20,43,0.9457364341085271,0.11363636363636363,0.002583979328165375,0.9
True,True,43,43,0.9458762886597938,0.11363636363636363,0.002577319587628866,0.9
True,True,43,43,0.9460154241645244,0.11363636363636363,0.002570694087403599,0.9
True,True,43,43,0.9461538461538461,0.11363636363636363,0.002564102564102564,0.9
True,True,43,43,0.9462915601023018,0.11363636363636363,0.0025575447570332483,0.9
True,True,43,43,0.9464285714285714,0.11363636363636363,0.002551020408163265,0.9
True,True,43,43,0.9465648854961832,0.11363636363636363,0.002544529262086514,0.92
True,True,43,43,0.9467005076142132,0.11363636363636363,0.0025380710659898475,0.94
True,True,43,43,0.9468354430379747,0.11363636363636363,0.002531645569620253,0.94
True,True,43,43,0.946969696969697,0.11363636363636363,0.0025252525252525255,0.94
True,False,0,44,0.946969696969697,0.1111111111111111,0.0025252525252525255,0.94
True,True,27,44,0.9445843828715366,0.1111111111111111,0.0025188916876574307,0.92
True,True,27,44,0.9422110552763819,0.1111111111111111,0.002512562814070352,0.9
True,True,19,44,0.9398496240601504,0.1111111111111111,0.002506265664160401,0.88
True,True,44,44,0.94,0.1111111111111111,0.0025,0.88
True,True,44,44,0.940149625935162,0.1111111111111111,0.0024937655860349127,0.88
True,True,44,44,0.9402985074626866,0.1111111111111111,0.0024875621890547263,0.88
True,True,44,44,0.9404466501240695,0.1111111111111111,0.0024813895781637717,0.88
True,True,44,44,0.9405940594059405,0.1111111111111111,0.0024752475247524753,0.88
True,True,44,44,0.9407407407407408,0.1111111111111111,0.0024691358024691358,0.88
True,False,10,45,0.9407407407407408,0.10869565217391304,0.0024691358024691358,0.88
True,True,15,45,0.9384236453201971,0.10869565217391304,0.0024630541871921183,0.86
True,True,45,45,0.9385749385749386,0.10869565217391304,0.002457002457002457,0.86
True,True,45,45,0.9387254901960784,0.10869565217391304,0.0024509803921568627,0.86
True,True,45,45,0.9388753056234719,0.10869565217391304,0.0024449877750611247,0.86
True,True,10,45,0.9365853658536586,0.10869565217391304,0.0024390243902439024,0.84
True,True,45,45,0.9367396593673966,0.10869565217391304,0.0024330900243309003,0.84
True,True,45,45,0.9368932038834952,0.10869565217391304,0.0024271844660194173,0.84
True,True,45,45,0.937046004842615,0.10869565217391304,0.002421307506053269,0.86
True,True,45,45,0.9371980676328503,0.10869565217391304,0.0024154589371980675,0.86
True,False,4,46,0.9371980676328503,0.10638297872340426,0.0024154589371980675,0.86
True,True,46,46,0.9373493975903614,0.10638297872340426,0.0024096385542168677,0.86
True,True,46,46,0.9375,0.10638297872340426,0.002403846153846154,0.86
True,True,46,46,0.9376498800959233,0.10638297872340426,0.002398081534772182,0.86
True,True,46,46,0.937799043062201,0.10638297872340426,0.0023923444976076554,0.86
True,True,46,46,0.9379474940334129,0.10638297872340426,0.002386634844868735,0.86
True,True,46,46,0.9380952380952381,0.10638297872340426,0.002380952380952381,0.86
True,True,46,46,0.9382422802850356,0.10638297872340426,0.0023752969121140144,0.86
True,True,46,46,0.9383886255924171,0.10638297872340426,0.002369668246445498,0.86
True,True,46,46,0.9385342789598109,0.10638297872340426,0.002364066193853428,0.86
True,False,15,47,0.9385342789598109,0.10416666666666667,0.002364066193853428,0.86
True,True,15,47,0.9363207547169812,0.10416666666666667,0.0023584905660377358,0.84
True,True,15,47,0.9341176470588235,0.10416666666666667,0.002352941176470588,0.82
True,True,15,47,0.931924882629108,0.10416666666666667,0.002347417840375587,0.8
True,True,47,47,0.9320843091334895,0.10416666666666667,0.00234192037470726,0.8
True,True,15,47,0.9299065420560748,0.10416666666666667,0.002336448598130841,0.78
True,True,47,47,0.9300699300699301,0.10416666666666667,0.002331002331002331,0.8
True,True,47,47,0.9302325581395349,0.10416666666666667,0.002325581395348837,0.8
True,True,47,47,0.9303944315545244,0.10416666666666667,0.002320185614849188,0.8
True,True,47,47,0.9305555555555556,0.10416666666666667,0.0023148148148148147,0.8
True,False,4,48,0.9305555555555556,0.10204081632653061,0.0023148148148148147,0.8
True,True,40,48,0.9284064665127021,0.10204081632653061,0.0023094688221709007,0.78
True,True,48,48,0.9285714285714286,0.10204081632653061,0.002304147465437788,0.78
True,True,48,48,0.9287356321839081,0.10204081632653061,0.0022988505747126436,0.8
True,True,48,48,0.9288990825688074,0.10204081632653061,0.0022935779816513763,0.8
True,True,48,48,0.9290617848970252,0.10204081632653061,0.002288329519450801,0.8
True,True,48,48,0.9292237442922374,0.10204081632653061,0.00228310502283105,0.8
True,True,48,48,0.929384965831435,0.10204081632653061,0.002277904328018223,0.8
True,True,48,48,0.9295454545454546,0.10204081632653061,0.0022727272727272726,0.8
True,True,48,48,0.9297052154195011,0.10204081632653061,0.0022675736961451248,0.8
True,False,11,49,0.9297052154195011,0.1,0.0022675736961451248,0.8
True,True,11,49,0.9276018099547512,0.1,0.0022624434389140274,0.78
True,True,11,49,0.9255079006772009,0.1,0.002257336343115124,0.76
True,True,49,49,0.9256756756756757,0.1,0.0022522522522522522,0.76
True,True,49,49,0.9258426966292135,0.1,0.0022471910112359553,0.76
True,True,49,49,0.9260089686098655,0.1,0.002242152466367713,0.76
True,True,49,49,0.9261744966442953,0.1,0.0022371364653243847,0.78
True,True,49,49,0.9263392857142857,0.1,0.002232142857142857,0.8
True,True,49,49,0.9265033407572383,0.1,0.0022271714922048997,0.82
True,True,49,49,0.9266666666666666,0.1,0.0022222222222222222,0.82
True,False,29,50,0.9266666666666666,0.09803921568627451,0.0022222222222222222,0.82
True,True,2,50,0.9246119733924612,0.09803921568627451,0.0022172949002217295,0.8
True,True,19,50,0.922566371681416,0.09803921568627451,0.0022123893805309734,0.78
True,True,50,50,0.9227373068432672,0.09803921568627451,0.002207505518763797,0.78
True,True,50,50,0.9229074889867841,0.09803921568627451,0.0022026431718061676,0.78
True,True,50,50,0.9230769230769231,0.09803921568627451,0.002197802197802198,0.78
True,True,50,50,0.9232456140350878,0.09803921568627451,0.0021929824561403508,0.8
True,True,50,50,0.9234135667396062,0.09803921568627451,0.002188183807439825,0.8
True,True,50,50,0.9235807860262009,0.09803921568627451,0.002183406113537118,0.8
True,True,50,50,0.9237472766884531,0.09803921568627451,0.002178649237472767,0.8
True,False,2,51,0.9237472766884531,0.09615384615384616,0.002178649237472767,0.8
True,True,51,51,0.9239130434782609,0.09615384615384616,0.002173913043478261,0.82
True,True,51,51,0.9240780911062907,0.09615384615384616,0.0021691973969631237,0.82
True,True,51,51,0.9242424242424242,0.09615384615384616,0.0021645021645021645,0.82
True,True,51,51,0.9244060475161987,0.09615384615384616,0.0021598272138228943,0.82
True,True,51,51,0.9245689655172413,0.09615384615384616,0.0021551724137931034,0.82
True,True,51,51,0.9247311827956989,0.09615384615384616,0.002150537634408602,0.82
True,True,51,51,0.924892703862661,0.09615384615384616,0.002145922746781116,0.82
True,True,51,51,0.9250535331905781,0.09615384615384616,0.0021413276231263384,0.82
True,True,51,51,0.9252136752136753,0.09615384615384616,0.002136752136752137,0.82
True,False,51,52,0.9252136752136753,0.09433962264150944,0.002136752136752137,0.82
True,True,52,52,0.9253731343283582,0.09433962264150944,0.0021321961620469083,0.82
True,True,52,52,0.925531914893617,0.09433962264150944,0.002127659574468085,0.82
True,True,52,52,0.9256900212314225,0.09433962264150944,0.0021231422505307855,0.82
True,True,45,52,0.923728813559322,0.09433962264150944,0.00211864406779661,0.8
True,True,52,52,0.9238900634249472,0.09433962264150944,0.0021141649048625794,0.8
True,True,52,52,0.9240506329113924,0.09433962264150944,0.002109704641350211,0.82
True,True,52,52,0.9242105263157895,0.09433962264150944,0.002105263157894737,0.84
True,True,52,52,0.9243697478991597,0.09433962264150944,0.0021008403361344537,0.86
True,True,52,52,0.9245283018867925,0.09433962264150944,0.0020964360587002098,0.86
True,False,40,53,0.9245283018867925,0.09259259259259259,0.0020964360587002098,0.86
True,True,53,53,0.9246861924686193,0.09259259259259259,0.0020920502092050207,0.88
True,True,53,53,0.9248434237995825,0.09259259259259259,0.0020876826722338203,0.88
True,True,53,53,0.925,0.09259259259259259,0.0020833333333333333,0.88
True,True,53,53,0.9251559251559252,0.09259259259259259,0.002079002079002079,0.88
True,True,53,53,0.9253112033195021,0.09259259259259259,0.002074688796680498,0.88
True,True,53,53,0.9254658385093167,0.09259259259259259,0.002070393374741201,0.9
True,True,53,53,0.9256198347107438,0.09259259259259259,0.002066115702479339,0.9
True,True,53,53,0.9257731958762887,0.09259259259259259,0.002061855670103093,0.9
True,True,53,53,0.9259259259259259,0.09259259259259259,0.00205761316872428,0.9
True,False,0,54,0.9259259259259259,0.09090909090909091,0.00205761316872428,0.9
True,True,54,54,0.9260780287474333,0.09090909090909091,0.002053388090349076,0.9
True,True,54,54,0.9262295081967213,0.09090909090909091,0.0020491803278688526,0.9
True,True,54,54,0.9263803680981595,0.09090909090909091,0.002044989775051125,0.9
True,True,54,54,0.926530612244898,0.09090909090909091,0.0020408163265306124,0.9
True,True,54,54,0.9266802443991853,0.09090909090909091,0.002036659877800407,0.9
True,True,54,54,0.926829268292683,0.09090909090909091,0.0020325203252032522,0.92
True,True,54,54,0.9269776876267748,0.09090909090909091,0.002028397565922921,0.94
True,True,54,54,0.9271255060728745,0.09090909090909091,0.0020242914979757085,0.94
True,True,54,54,0.9272727272727272,0.09090909090909091,0.00202020202020202,0.94
True,False,45,55,0.9272727272727272,0.08928571428571429,0.00202020202020202,0.94
True,True,55,55,0.9274193548387096,0.08928571428571429,0.0020161290322580645,0.94
True,True,55,55,0.9275653923541247,0.08928571428571429,0.002012072434607646,0.94
True,True,55,55,0.927710843373494,0.08928571428571429,0.002008032128514056,0.94
True,True,55,55,0.9278557114228457,0.08928571428571429,0.002004008016032064,0.94
True,True,55,55,0.928,0.08928571428571429,0.002,0.94
True,True,55,55,0.9281437125748503,0.08928571428571429,0.001996007984031936,0.96
True,True,55,55,0.9282868525896414,0.08928571428571429,0.00199203187250996,0.98
True,True,55,55,0.9284294234592445,0.08928571428571429,0.0019880715705765406,0.98
True,True,55,55,0.9285714285714286,0.08928571428571429,0.001984126984126984,0.98
True,False,16,56,0.9285714285714286,0.08771929824561403,0.001984126984126984,0.98
True,True,38,56,0.9267326732673268,0.08771929824561403,0.0019801980198019802,0.96
True,True,36,56,0.924901185770751,0.08771929824561403,0.001976284584980237,0.94
True,True,56,56,0.9250493096646942,0.08771929824561403,0.0019723865877712033,0.94
True,True,56,56,0.9251968503937008,0.08771929824561403,0.001968503937007874,0.94
True,True,56,56,0.925343811394892,0.08771929824561403,0.0019646365422396855,0.94
True,True,56,56,0.9254901960784314,0.08771929824561403,0.00196078431372549,0.94
True,True,56,56,0.9256360078277887,0.08771929824561403,0.0019569471624266144,0.94
True,True,56,56,0.92578125,0.08771929824561403,0.001953125,0.94
True,True,56,56,0.9259259259259259,0.08771929824561403,0.001949317738791423,0.94
True,False,45,57,0.9259259259259259,0.08620689655172414,0.001949317738791423,0.94
True,True,57,57,0.9260700389105059,0.08620689655172414,0.0019455252918287938,0.94
True,True,57,57,0.9262135922330097,0.08620689655172414,0.001941747572815534,0.94
True,True,57,57,0.9263565891472868,0.08620689655172414,0.001937984496124031,0.94
True,True,57,57,0.9264990328820116,0.08620689655172414,0.0019342359767891683,0.94
True,True,57,57,0.9266409266409267,0.08620689655172414,0.0019305019305019305,0.94
True,True,57,57,0.9267822736030829,0.08620689655172414,0.0019267822736030828,0.94
True,True,57,57,0.926923076923077,0.08620689655172414,0.0019230769230769232,0.94
True,True,57,57,0.927063339731286,0.08620689655172414,0.0019193857965451055,0.94
True,True,57,57,0.9272030651340997,0.08620689655172414,0.0019157088122605363,0.96
True,False,55,58,0.9272030651340997,0.0847457627118644,0.0019157088122605363,0.96
True,True,58,58,0.9273422562141491,0.0847457627118644,0.0019120458891013384,0.96
True,True,58,58,0.9274809160305344,0.0847457627118644,0.0019083969465648854,0.96
True,True,58,58,0.9276190476190476,0.0847457627118644,0.0019047619047619048,0.96
True,True,58,58,0.9277566539923955,0.0847457627118644,0.0019011406844106464,0.96
True,True,58,58,0.9278937381404174,0.0847457627118644,0.0018975332068311196,0.96
True,True,58,58,0.928030303030303,0.0847457627118644,0.001893939393939394,0.96
True,True,58,58,0.9281663516068053,0.0847457627118644,0.001890359168241966,0.96
True,True,58,58,0.9283018867924528,0.0847457627118644,0.0018867924528301887,0.96
True,True,58,58,0.928436911487759,0.0847457627118644,0.0018832391713747645,0.96
True,False,58,59,0.928436911487759,0.08333333333333333,0.0018832391713747645,0.96
True,True,59,59,0.9285714285714286,0.08333333333333333,0.0018796992481203006,0.96
True,True,59,59,0.9287054409005628,0.08333333333333333,0.001876172607879925,0.96
True,True,59,59,0.9288389513108615,0.08333333333333333,0.0018726591760299626,0.96
True,True,59,59,0.9289719626168225,0.08333333333333333,0.001869158878504673,0.96
True,True,59,59,0.9291044776119403,0.08333333333333333,0.0018656716417910447,0.96
True,True,59,59,0.9292364990689013,0.08333333333333333,0.00186219739292365,0.96
True,True,59,59,0.929368029739777,0.08333333333333333,0.0018587360594795538,0.96
True,True,59,59,0.9294990723562152,0.08333333333333333,0.0018552875695732839,0.96
True,True,59,59,0.9296296296296296,0.08333333333333333,0.001851851851851852,0.96
True,False,38,60,0.9296296296296296,0.08196721311475409,0.001851851851851852,0.96
True,True,60,60,0.9297597042513863,0.08196721311475409,0.0018484288354898336,0.96
True,True,60,60,0.9298892988929889,0.08196721311475409,0.0018450184501845018,0.96
True,True,60,60,0.9300184162062615,0.08196721311475409,0.001841620626151013,0.96
True,True,60,60,0.9301470588235294,0.08196721311475409,0.001838235294117647,0.96
True,True,60,60,0.9302752293577982,0.08196721311475409,0.001834862385321101,0.96
True,True,60,60,0.9304029304029304,0.08196721311475409,0.0018315018315018315,0.96
True,True,60,60,0.9305301645338209,0.08196721311475409,0.0018281535648994515,0.96
True,True,60,60,0.9306569343065694,0.08196721311475409,0.0018248175182481751,0.96
True,True,60,60,0.930783242258652,0.08196721311475409,0.0018214936247723133,0.96
True,False,54,61,0.930783242258652,0.08064516129032258,0.0018214936247723133,0.96
True,True,61,61,0.9309090909090909,0.08064516129032258,0.0018181818181818182,0.96
True,True,61,61,0.9310344827586207,0.08064516129032258,0.0018148820326678765,0.96
True,True,61,61,0.9311594202898551,0.08064516129032258,0.0018115942028985507,0.96
True,True,61,61,0.9312839059674503,0.08064516129032258,0.0018083182640144665,0.96
True,True,61,61,0.9314079422382672,0.08064516129032258,0.0018050541516245488,0.96
True,True,61,61,0.9315315315315316,0.08064516129032258,0.0018018018018018018,0.98
True,True,61,61,0.9316546762589928,0.08064516129032258,0.0017985611510791368,1.0
True,True,61,61,0.9317773788150808,0.08064516129032258,0.0017953321364452424,1.0
True,True,61,61,0.931899641577061,0.08064516129032258,0.0017921146953405018,1.0
True,False,48,62,0.931899641577061,0.07936507936507936,0.0017921146953405018,1.0
True,True,62,62,0.9320214669051878,0.07936507936507936,0.0017889087656529517,1.0
True,True,62,62,0.9321428571428572,0.07936507936507936,0.0017857142857142857,1.0
True,True,62,62,0.9322638146167558,0.07936507936507936,0.0017825311942959,1.0
True,True,62,62,0.9323843416370107,0.07936507936507936,0.0017793594306049821,1.0
True,True,62,62,0.9325044404973357,0.07936507936507936,0.0017761989342806395,1.0
True,True,62,62,0.9326241134751773,0.07936507936507936,0.0017730496453900709,1.0
True,True,62,62,0.9327433628318584,0.07936507936507936,0.0017699115044247787,1.0
True,True,62,62,0.9328621908127208,0.07936507936507936,0.0017667844522968198,1.0
True,True,62,62,0.9329805996472663,0.07936507936507936,0.001763668430335097,1.0
True,False,0,63,0.9329805996472663,0.078125,0.001763668430335097,1.0
True,True,63,63,0.9330985915492958,0.078125,0.0017605633802816902,1.0
True,True,63,63,0.9332161687170475,0.078125,0.0017574692442882249,1.0
True,True,63,63,0.9333333333333333,0.078125,0.0017543859649122807,1.0
True,True,63,63,0.9334500875656743,0.078125,0.0017513134851138354,1.0
True,True,63,63,0.9335664335664335,0.078125,0.0017482517482517483,1.0
True,True,63,63,0.9336823734729494,0.078125,0.0017452006980802793,1.0
True,True,63,63,0.9337979094076655,0.078125,0.0017421602787456446,1.0
True,True,63,63,0.9339130434782609,0.078125,0.0017391304347826088,1.0
True,True,63,63,0.9340277777777778,0.078125,0.001736111111111111,1.0
True,False,15,64,0.9340277777777778,0.07692307692307693,0.001736111111111111,1.0
True,True,64,64,0.9341421143847487,0.07692307692307693,0.0017331022530329288,1.0
True,True,64,64,0.9342560553633218,0.07692307692307693,0.0017301038062283738,1.0
True,True,64,64,0.9343696027633851,0.07692307692307693,0.0017271157167530224,1.0
True,True,64,64,0.9344827586206896,0.07692307692307693,0.0017241379310344827,1.0
True,True,64,64,0.9345955249569707,0.07692307692307693,0.0017211703958691911,1.0
True,True,64,64,0.9347079037800687,0.07692307692307693,0.001718213058419244,1.0
True,True,64,64,0.934819897084048,0.07692307692307693,0.0017152658662092624,1.0
True,True,64,64,0.934931506849315,0.07692307692307693,0.0017123287671232876,1.0
True,True,64,64,0.935042735042735,0.07692307692307693,0.0017094017094017094,1.0
True,False,33,65,0.935042735042735,0.07575757575757576,0.0017094017094017094,1.0
True,True,65,65,0.9351535836177475,0.07575757575757576,0.0017064846416382253,1.0
True,True,65,65,0.9352640545144804,0.07575757575757576,0.0017035775127768314,1.0
True,True,65,65,0.935374149659864,0.07575757575757576,0.0017006802721088435,1.0
True,True,65,65,0.9354838709677419,0.07575757575757576,0.001697792869269949,1.0
True,True,65,65,0.9355932203389831,0.07575757575757576,0.001694915254237288,1.0
True,True,65,65,0.9357021996615905,0.07575757575757576,0.001692047377326565,1.0
True,True,65,65,0.9358108108108109,0.07575757575757576,0.0016891891891891893,1.0
True,True,65,65,0.9359190556492412,0.07575757575757576,0.0016863406408094434,1.0
True,True,65,65,0.936026936026936,0.07575757575757576,0.0016835016835016834,1.0
True,False,8,66,0.936026936026936,0.07462686567164178,0.0016835016835016834,1.0
True,True,41,66,0.934453781512605,0.07462686567164178,0.0016806722689075631,0.98
True,True,66,66,0.9345637583892618,0.07462686567164178,0.0016778523489932886,0.98
True,True,66,66,0.9346733668341709,0.07462686567164178,0.0016750418760469012,0.98
True,True,66,66,0.9347826086956522,0.07462686567164178,0.0016722408026755853,0.98
True,True,66,66,0.9348914858096828,0.07462686567164178,0.001669449081803005,0.98
True,True,66,66,0.935,0.07462686567164178,0.0016666666666666668,0.98
True,True,66,66,0.9351081530782029,0.07462686567164178,0.0016638935108153079,0.98
True,True,66,66,0.9352159468438538,0.07462686567164178,0.0016611295681063123,0.98
True,True,66,66,0.9353233830845771,0.07462686567164178,0.001658374792703151,0.98
True,False,14,67,0.9353233830845771,0.07352941176470588,0.001658374792703151,0.98
True,True,42,67,0.9337748344370861,0.07352941176470588,0.0016556291390728477,0.96
True,True,67,67,0.9338842975206612,0.07352941176470588,0.001652892561983471,0.96
True,True,67,67,0.933993399339934,0.07352941176470588,0.0016501650165016502,0.96
True,True,67,67,0.9341021416803954,0.07352941176470588,0.0016474464579901153,0.96
True,True,67,67,0.9342105263157895,0.07352941176470588,0.001644736842105263,0.96
True,True,67,67,0.9343185550082101,0.07352941176470588,0.0016420361247947454,0.96
True,True,67,67,0.9344262295081968,0.07352941176470588,0.001639344262295082,0.96
True,True,67,67,0.9345335515548282,0.07352941176470588,0.0016366612111292963,0.96
True,True,67,67,0.934640522875817,0.07352941176470588,0.0016339869281045752,0.96
True,False,61,68,0.934640522875817,0.07246376811594203,0.0016339869281045752,0.96
True,True,61,68,0.933115823817292,0.07246376811594203,0.0016313213703099511,0.94
True,True,68,68,0.9332247557003257,0.07246376811594203,0.0016286644951140066,0.94
True,True,68,68,0.9333333333333333,0.07246376811594203,0.0016260162601626016,0.94
True,True,68,68,0.9334415584415584,0.07246376811594203,0.0016233766233766235,0.94
True,True,68,68,0.93354943273906,0.07246376811594203,0.0016207455429497568,0.94
True,True,68,68,0.9336569579288025,0.07246376811594203,0.0016181229773462784,0.94
True,True,68,68,0.9337641357027464,0.07246376811594203,0.0016155088852988692,0.94
True,True,68,68,0.9338709677419355,0.07246376811594203,0.0016129032258064516,0.94
True,True,68,68,0.9339774557165862,0.07246376811594203,0.001610305958132045,0.94
True,False,61,69,0.9339774557165862,0.07142857142857142,0.001610305958132045,0.94
True,True,69,69,0.9340836012861736,0.07142857142857142,0.001607717041800643,0.94
True,True,69,69,0.9341894060995185,0.07142857142857142,0.0016051364365971107,0.94
True,True,69,69,0.9342948717948718,0.07142857142857142,0.0016025641025641025,0.94
True,True,69,69,0.9344,0.07142857142857142,0.0016,0.94
True,True,69,69,0.9345047923322684,0.07142857142857142,0.001597444089456869,0.94
True,True,69,69,0.9346092503987241,0.07142857142857142,0.001594896331738437,0.94
True,True,69,69,0.9347133757961783,0.07142857142857142,0.0015923566878980893,0.94
True,True,69,69,0.9348171701112877,0.07142857142857142,0.001589825119236884,0.94
True,True,69,69,0.9349206349206349,0.07142857142857142,0.0015873015873015873,0.94
True,False,40,70,0.9349206349206349,0.07042253521126761,0.0015873015873015873,0.94
True,True,70,70,0.9350237717908082,0.07042253521126761,0.001584786053882726,0.94
True,True,70,70,0.935126582278481,0.07042253521126761,0.0015822784810126582,0.94
True,True,70,70,0.9352290679304898,0.07042253521126761,0.001579778830963665,0.94
True,True,70,70,0.9353312302839116,0.07042253521126761,0.0015772870662460567,0.94
True,True,70,70,0.9354330708661417,0.07042253521126761,0.0015748031496062992,0.94
True,True,70,70,0.9355345911949685,0.07042253521126761,0.0015723270440251573,0.94
True,True,70,70,0.9356357927786499,0.07042253521126761,0.0015698587127158557,0.94
True,True,70,70,0.9357366771159875,0.07042253521126761,0.001567398119122257,0.94
True,True,70,70,0.9358372456964006,0.07042253521126761,0.001564945226917058,0.94
True,False,18,71,0.9358372456964006,0.06944444444444445,0.001564945226917058,0.94
True,True,71,71,0.9359375,0.06944444444444445,0.0015625,0.94
True,True,71,71,0.9360374414976599,0.06944444444444445,0.0015600624024961,0.94
True,True,71,71,0.9361370716510904,0.06944444444444445,0.001557632398753894,0.94
True,True,71,71,0.9362363919129082,0.06944444444444445,0.0015552099533437014,0.94
True,True,71,71,0.9363354037267081,0.06944444444444445,0.0015527950310559005,0.94
True,True,71,71,0.9364341085271318,0.06944444444444445,0.0015503875968992248,0.96
True,True,71,71,0.9365325077399381,0.06944444444444445,0.0015479876160990713,0.96
True,True,71,71,0.9366306027820711,0.06944444444444445,0.0015455950540958269,0.96
True,True,71,71,0.9367283950617284,0.06944444444444445,0.0015432098765432098,0.96
True,False,18,72,0.9367283950617284,0.0684931506849315,0.0015432098765432098,0.96
True,True,72,72,0.9368258859784283,0.0684931506849315,0.0015408320493066256,0.96
True,True,72,72,0.936923076923077,0.0684931506849315,0.0015384615384615385,0.96
True,True,72,72,0.9370199692780338,0.0684931506849315,0.0015360983102918587,0.96
True,True,72,72,0.9371165644171779,0.0684931506849315,0.0015337423312883436,0.96
True,True,72,72,0.9372128637059725,0.0684931506849315,0.0015313935681470138,0.96
True,True,72,72,0.9373088685015291,0.0684931506849315,0.0015290519877675841,0.98
True,True,72,72,0.9374045801526718,0.0684931506849315,0.0015267175572519084,0.98
True,True,72,72,0.9375,0.0684931506849315,0.001524390243902439,0.98
True,True,72,72,0.9375951293759512,0.0684931506849315,0.0015220700152207,0.98
True,False,15,73,0.9375951293759512,0.06756756756756757,0.0015220700152207,0.98
True,True,30,73,0.9361702127659575,0.06756756756756757,0.001519756838905775,0.96
True,True,73,73,0.936267071320182,0.06756756756756757,0.0015174506828528073,0.96
True,True,73,73,0.9363636363636364,0.06756756756756757,0.0015151515151515152,0.96
True,True,73,73,0.9364599092284418,0.06756756756756757,0.0015128593040847202,0.96
True,True,73,73,0.9365558912386707,0.06756756756756757,0.0015105740181268882,0.96
True,True,73,73,0.9366515837104072,0.06756756756756757,0.0015082956259426848,0.98
True,True,73,73,0.9367469879518072,0.06756756756756757,0.0015060240963855422,0.98
True,True,73,73,0.9368421052631579,0.06756756756756757,0.0015037593984962407,0.98
True,True,73,73,0.9369369369369369,0.06756756756756757,0.0015015015015015015,0.98
True,False,63,74,0.9369369369369369,0.06666666666666667,0.0015015015015015015,0.98
True,True,74,74,0.9370314842578711,0.06666666666666667,0.0014992503748125937,0.98
True,True,74,74,0.937125748502994,0.06666666666666667,0.0014970059880239522,0.98
True,True,74,74,0.9372197309417041,0.06666666666666667,0.0014947683109118087,0.98
True,True,74,74,0.9373134328358209,0.06666666666666667,0.0014925373134328358,0.98
True,True,50,74,0.9359165424739195,0.06666666666666667,0.0014903129657228018,0.96
True,True,74,74,0.9360119047619048,0.06666666666666667,0.001488095238095238,0.96
True,True,74,74,0.9361069836552749,0.06666666666666667,0.0014858841010401188,0.96
True,True,74,74,0.9362017804154302,0.06666666666666667,0.001483679525222552,0.96
True,True,74,74,0.9362962962962963,0.06666666666666667,0.0014814814814814814,0.96
True,False,50,75,0.9362962962962963,0.06578947368421052,0.0014814814814814814,0.96
True,True,75,75,0.9363905325443787,0.06578947368421052,0.0014792899408284023,0.96
True,True,75,75,0.9364844903988183,0.06578947368421052,0.0014771048744460858,0.96
True,True,75,75,0.9365781710914455,0.06578947368421052,0.0014749262536873156,0.96
True,True,75,75,0.9366715758468336,0.06578947368421052,0.0014727540500736377,0.96
True,True,75,75,0.9367647058823529,0.06578947368421052,0.0014705882352941176,0.96
True,True,75,75,0.9368575624082232,0.06578947368421052,0.0014684287812041115,0.96
True,True,75,75,0.9369501466275659,0.06578947368421052,0.001466275659824047,0.96
True,True,75,75,0.9370424597364568,0.06578947368421052,0.0014641288433382138,0.96
True,True,75,75,0.9371345029239766,0.06578947368421052,0.0014619883040935672,0.96
True,False,12,76,0.9371345029239766,0.06493506493506493,0.0014619883040935672,0.96
True,True,76,76,0.9372262773722628,0.06493506493506493,0.00145985401459854,0.96
True,True,76,76,0.9373177842565598,0.06493506493506493,0.0014577259475218659,0.96
True,True,76,76,0.9374090247452693,0.06493506493506493,0.001455604075691412,0.96
True,True,76,76,0.9375,0.06493506493506493,0.0014534883720930232,0.96
True,True,76,76,0.9375907111756169,0.06493506493506493,0.001451378809869376,0.96
True,True,76,76,0.9376811594202898,0.06493506493506493,0.0014492753623188406,0.96
True,True,76,76,0.9377713458755427,0.06493506493506493,0.001447178002894356,0.96
True,True,76,76,0.9378612716763006,0.06493506493506493,0.001445086705202312,0.96
True,True,76,76,0.937950937950938,0.06493506493506493,0.001443001443001443,0.96
True,False,72,77,0.937950937950938,0.0641025641025641,0.001443001443001443,0.96
True,True,77,77,0.9380403458213257,0.0641025641025641,0.001440922190201729,0.96
True,True,72,77,0.9366906474820144,0.0641025641025641,0.0014388489208633094,0.94
True,True,77,77,0.9367816091954023,0.0641025641025641,0.0014367816091954023,0.94
True,True,77,77,0.9368723098995696,0.0641025641025641,0.0014347202295552368,0.94
True,True,77,77,0.9369627507163324,0.0641025641025641,0.0014326647564469914,0.94
True,True,77,77,0.9370529327610873,0.0641025641025641,0.001430615164520744,0.94
True,True,77,77,0.9371428571428572,0.0641025641025641,0.0014285714285714286,0.94
True,True,77,77,0.9372325249643366,0.0641025641025641,0.0014265335235378032,0.94
True,True,77,77,0.9373219373219374,0.0641025641025641,0.0014245014245014246,0.94
True,False,5,78,0.9373219373219374,0.06329113924050633,0.0014245014245014246,0.94
True,True,78,78,0.9374110953058321,0.06329113924050633,0.001422475106685633,0.94
True,True,78,78,0.9375,0.06329113924050633,0.0014204545454545455,0.94
True,True,78,78,0.9375886524822695,0.06329113924050633,0.0014184397163120568,0.94
True,True,78,78,0.9376770538243626,0.06329113924050633,0.00141643059490085,0.94
True,True,78,78,0.9377652050919377,0.06329113924050633,0.0014144271570014145,0.94
True,True,78,78,0.9378531073446328,0.06329113924050633,0.0014124293785310734,0.96
True,True,78,78,0.9379407616361072,0.06329113924050633,0.0014104372355430183,0.96
True,True,78,78,0.9380281690140845,0.06329113924050633,0.0014084507042253522,0.96
True,True,78,78,0.9381153305203939,0.06329113924050633,0.0014064697609001407,0.96
True,False,43,79,0.9381153305203939,0.0625,0.0014064697609001407,0.96
True,True,79,79,0.9382022471910112,0.0625,0.0014044943820224719,0.96
True,True,79,79,0.938288920056101,0.0625,0.001402524544179523,0.96
True,True,79,79,0.938375350140056,0.0625,0.0014005602240896359,0.96
True,True,79,79,0.9384615384615385,0.0625,0.0013986013986013986,0.96
True,True,79,79,0.9385474860335196,0.0625,0.0013966480446927375,0.96
True,True,79,79,0.9386331938633193,0.0625,0.001394700139470014,0.96
True,True,79,79,0.9387186629526463,0.0625,0.001392757660167131,0.96
True,True,79,79,0.9388038942976356,0.0625,0.0013908205841446453,0.96
True,True,79,79,0.9388888888888889,0.0625,0.001388888888888889,0.96
True,False,38,80,0.9388888888888889,0.06172839506172839,0.001388888888888889,0.96
True,True,80,80,0.9389736477115118,0.06172839506172839,0.0013869625520110957,0.98
True,True,80,80,0.9390581717451524,0.06172839506172839,0.0013850415512465374,0.98
True,True,80,80,0.9391424619640387,0.06172839506172839,0.0013831258644536654,0.98
True,True,80,80,0.9392265193370166,0.06172839506172839,0.0013812154696132596,0.98
True,True,80,80,0.9393103448275862,0.06172839506172839,0.001379310344827586,0.98
True,True,80,80,0.9393939393939394,0.06172839506172839,0.0013774104683195593,0.98
True,True,80,80,0.9394773039889959,0.06172839506172839,0.001375515818431912,0.98
True,True,80,80,0.9395604395604396,0.06172839506172839,0.0013736263736263737,0.98
True,True,80,80,0.9396433470507545,0.06172839506172839,0.0013717421124828531,0.98
True,False,39,81,0.9396433470507545,0.06097560975609756,0.0013717421124828531,0.98
True,True,81,81,0.9397260273972603,0.06097560975609756,0.0013698630136986301,0.98
True,True,81,81,0.9398084815321477,0.06097560975609756,0.0013679890560875513,0.98
True,True,81,81,0.9398907103825137,0.06097560975609756,0.001366120218579235,0.98
True,True,81,81,0.9399727148703957,0.06097560975609756,0.001364256480218281,0.98
True,True,81,81,0.9400544959128065,0.06097560975609756,0.0013623978201634877,0.98
True,True,81,81,0.9401360544217687,0.06097560975609756,0.0013605442176870747,0.98
True,True,81,81,0.9402173913043478,0.06097560975609756,0.001358695652173913,0.98
True,True,81,81,0.9402985074626866,0.06097560975609756,0.0013568521031207597,0.98
True,True,81,81,0.940379403794038,0.06097560975609756,0.0013550135501355014,0.98
True,False,71,82,0.940379403794038,0.060240963855421686,0.0013550135501355014,0.98
True,True,82,82,0.9404600811907984,0.060240963855421686,0.0013531799729364006,0.98
True,True,82,82,0.9405405405405406,0.060240963855421686,0.0013513513513513514,0.98
True,True,82,82,0.9406207827260459,0.060240963855421686,0.001349527665317139,0.98
True,True,82,82,0.9407008086253369,0.060240963855421686,0.0013477088948787063,0.98
True,True,82,82,0.9407806191117093,0.060240963855421686,0.0013458950201884253,0.98
True,True,82,82,0.9408602150537635,0.060240963855421686,0.0013440860215053765,0.98
True,True,82,82,0.9409395973154362,0.060240963855421686,0.0013422818791946308,1.0
True,True,82,82,0.9410187667560321,0.060240963855421686,0.0013404825737265416,1.0
True,True,82,82,0.9410977242302544,0.060240963855421686,0.0013386880856760374,1.0
True,False,2,83,0.9410977242302544,0.05952380952380952,0.0013386880856760374,1.0
True,True,81,83,0.9398395721925134,0.05952380952380952,0.001336898395721925,0.98
True,True,8,83,0.9385847797062751,0.05952380952380952,0.0013351134846461949,0.96
True,True,83,83,0.9386666666666666,0.05952380952380952,0.0013333333333333333,0.96
True,True,83,83,0.9387483355525965,0.05952380952380952,0.0013315579227696406,0.96
True,True,83,83,0.9388297872340425,0.05952380952380952,0.0013297872340425532,0.96
True,True,83,83,0.9389110225763613,0.05952380952380952,0.0013280212483399733,0.96
True,True,83,83,0.9389920424403183,0.05952380952380952,0.001326259946949602,0.96
True,True,83,83,0.9390728476821192,0.05952380952380952,0.0013245033112582781,0.96
True,True,83,83,0.9391534391534392,0.05952380952380952,0.0013227513227513227,0.96
True,False,35,84,0.9391534391534392,0.058823529411764705,0.0013227513227513227,0.96
True,True,71,84,0.9379128137384413,0.058823529411764705,0.001321003963011889,0.94
True,True,84,84,0.9379947229551451,0.058823529411764705,0.0013192612137203166,0.94
True,True,84,84,0.9380764163372859,0.058823529411764705,0.0013175230566534915,0.94
True,True,84,84,0.9381578947368421,0.058823529411764705,0.0013157894736842105,0.94
True,True,84,84,0.938239159001314,0.058823529411764705,0.001314060446780552,0.94
True,True,84,84,0.9383202099737533,0.058823529411764705,0.0013123359580052493,0.94
True,True,84,84,0.9384010484927916,0.058823529411764705,0.001310615989515072,0.94
True,True,84,84,0.9384816753926701,0.058823529411764705,0.0013089005235602095,0.94
True,True,84,84,0.938562091503268,0.058823529411764705,0.00130718954248366,0.94
True,False,54,85,0.938562091503268,0.05813953488372093,0.00130718954248366,0.94
True,True,75,85,0.9373368146214099,0.05813953488372093,0.0013054830287206266,0.92
True,True,85,85,0.9374185136897001,0.05813953488372093,0.001303780964797914,0.92
True,True,85,85,0.9375,0.05813953488372093,0.0013020833333333333,0.92
True,True,85,85,0.9375812743823146,0.05813953488372093,0.0013003901170351106,0.92
True,True,85,85,0.9376623376623376,0.05813953488372093,0.0012987012987012987,0.92
True,True,85,85,0.9377431906614786,0.05813953488372093,0.0012970168612191958,0.92
True,True,85,85,0.9378238341968912,0.05813953488372093,0.0012953367875647669,0.92
True,True,85,85,0.9379042690815006,0.05813953488372093,0.00129366106080207,0.92
True,True,85,85,0.937984496124031,0.05813953488372093,0.0012919896640826874,0.92
True,False,77,86,0.937984496124031,0.05747126436781609,0.0012919896640826874,0.92
True,True,86,86,0.9380645161290323,0.05747126436781609,0.0012903225806451613,0.92
True,True,86,86,0.9381443298969072,0.05747126436781609,0.001288659793814433,0.92
True,True,86,86,0.9382239382239382,0.05747126436781609,0.001287001287001287,0.92
True,True,86,86,0.9383033419023136,0.05747126436781609,0.0012853470437017994,0.92
True,True,86,86,0.938382541720154,0.05747126436781609,0.0012836970474967907,0.92
True,True,86,86,0.9384615384615385,0.05747126436781609,0.001282051282051282,0.92
True,True,86,86,0.93854033290653,0.05747126436781609,0.0012804097311139564,0.92
True,True,86,86,0.9386189258312021,0.05747126436781609,0.0012787723785166241,0.92
True,True,86,86,0.9386973180076629,0.05747126436781609,0.001277139208173691,0.92
True,False,38,87,0.9386973180076629,0.056818181818181816,0.001277139208173691,0.92
True,True,79,87,0.9375,0.056818181818181816,0.0012755102040816326,0.9
True,True,86,87,0.9363057324840764,0.056818181818181816,0.0012738853503184713,0.88
True,True,87,87,0.9363867684478372,0.056818181818181816,0.001272264631043257,0.88
True,True,87,87,0.9364675984752223,0.056818181818181816,0.0012706480304955528,0.88
True,True,87,87,0.9365482233502538,0.056818181818181816,0.0012690355329949238,0.88
True,True,86,87,0.935361216730038,0.056818181818181816,0.0012674271229404308,0.86
True,True,87,87,0.9354430379746835,0.056818181818181816,0.0012658227848101266,0.86
True,True,87,87,0.9355246523388117,0.056818181818181816,0.0012642225031605564,0.86
True,True,87,87,0.9356060606060606,0.056818181818181816,0.0012626262626262627,0.86
True,False,45,88,0.9356060606060606,0.056179775280898875,0.0012626262626262627,0.86
True,True,88,88,0.935687263556116,0.056179775280898875,0.0012610340479192938,0.86
True,True,88,88,0.9357682619647355,0.056179775280898875,0.0012594458438287153,0.86
True,True,88,88,0.9358490566037736,0.056179775280898875,0.0012578616352201257,0.86
True,True,88,88,0.9359296482412061,0.056179775280898875,0.001256281407035176,0.86
True,True,88,88,0.9360100376411543,0.056179775280898875,0.0012547051442910915,0.86
True,True,88,88,0.9360902255639098,0.056179775280898875,0.0012531328320802004,0.88
True,True,88,88,0.9361702127659575,0.056179775280898875,0.0012515644555694619,0.9
True,True,88,88,0.93625,0.056179775280898875,0.00125,0.9
True,True,88,88,0.9363295880149812,0.056179775280898875,0.0012484394506866417,0.9
True,False,14,89,0.9363295880149812,0.05555555555555555,0.0012484394506866417,0.9
True,True,38,89,0.9351620947630923,0.05555555555555555,0.0012468827930174563,0.88
True,True,89,89,0.9352428393524284,0.05555555555555555,0.0012453300124533001,0.88
True,True,89,89,0.9353233830845771,0.05555555555555555,0.0012437810945273632,0.88
True,True,89,89,0.9354037267080745,0.05555555555555555,0.0012422360248447205,0.88
True,True,89,89,0.9354838709677419,0.05555555555555555,0.0012406947890818859,0.88
True,True,88,89,0.9343246592317225,0.05555555555555555,0.0012391573729863693,0.88
True,True,89,89,0.9344059405940595,0.05555555555555555,0.0012376237623762376,0.88
True,True,89,89,0.934487021013597,0.05555555555555555,0.0012360939431396785,0.88
True,True,89,89,0.9345679012345679,0.05555555555555555,0.0012345679012345679,0.88
True,False,18,90,0.9345679012345679,0.054945054945054944,0.0012345679012345679,0.88
True,True,90,90,0.9346485819975339,0.054945054945054944,0.0012330456226880395,0.88
True,True,90,90,0.9347290640394089,0.054945054945054944,0.0012315270935960591,0.88
True,True,90,90,0.9348093480934809,0.054945054945054944,0.0012300123001230013,0.88
True,True,90,90,0.9348894348894349,0.054945054945054944,0.0012285012285012285,0.88
True,True,90,90,0.9349693251533743,0.054945054945054944,0.001226993865030675,0.88
True,True,90,90,0.9350490196078431,0.054945054945054944,0.0012254901960784314,0.9
True,True,90,90,0.9351285189718482,0.054945054945054944,0.0012239902080783353,0.9
True,True,90,90,0.9352078239608802,0.054945054945054944,0.0012224938875305623,0.9
True,True,90,90,0.9352869352869353,0.054945054945054944,0.001221001221001221,0.9
True,False,32,91,0.9352869352869353,0.05434782608695652,0.001221001221001221,0.9
True,True,17,91,0.9341463414634147,0.05434782608695652,0.0012195121951219512,0.88
True,True,37,91,0.9330085261875761,0.05434782608695652,0.001218026796589525,0.86
True,True,91,91,0.9330900243309003,0.05434782608695652,0.0012165450121654502,0.86
True,True,91,91,0.9331713244228432,0.05434782608695652,0.001215066828675577,0.86
True,True,91,91,0.933252427184466,0.05434782608695652,0.0012135922330097086,0.86
True,True,9,91,0.9321212121212121,0.05434782608695652,0.0012121212121212121,0.84
True,True,91,91,0.9322033898305084,0.05434782608695652,0.0012106537530266344,0.84
True,True,91,91,0.932285368802902,0.05434782608695652,0.0012091898428053204,0.84
True,True,91,91,0.9323671497584541,0.05434782608695652,0.0012077294685990338,0.84
True,False,38,92,0.9323671497584541,0.053763440860215055,0.0012077294685990338,0.84
True,True,23,92,0.9312424607961399,0.053763440860215055,0.0012062726176115801,0.82
True,True,92,92,0.9313253012048193,0.053763440860215055,0.0012048192771084338,0.82
True,True,92,92,0.9314079422382672,0.053763440860215055,0.0012033694344163659,0.82
True,True,92,92,0.9314903846153846,0.053763440860215055,0.001201923076923077,0.82
True,True,38,92,0.9303721488595438,0.053763440860215055,0.0012004801920768306,0.8
True,True,92,92,0.9304556354916067,0.053763440860215055,0.001199040767386091,0.82
True,True,92,92,0.9305389221556887,0.053763440860215055,0.0011976047904191617,0.84
True,True,92,92,0.930622009569378,0.053763440860215055,0.0011961722488038277,0.84
True,True,92,92,0.9307048984468339,0.053763440860215055,0.0011947431302270011,0.84
True,False,2,93,0.9307048984468339,0.05319148936170213,0.0011947431302270011,0.84
True,True,93,93,0.9307875894988067,0.05319148936170213,0.0011933174224343676,0.84
True,True,93,93,0.930870083432658,0.05319148936170213,0.0011918951132300357,0.86
True,True,93,93,0.930952380952381,0.05319148936170213,0.0011904761904761906,0.86
True,True,93,93,0.9310344827586207,0.05319148936170213,0.0011890606420927466,0.86
True,True,93,93,0.9311163895486936,0.05319148936170213,0.0011876484560570072,0.86
True,True,93,93,0.9311981020166074,0.05319148936170213,0.0011862396204033216,0.86
True,True,93,93,0.9312796208530806,0.05319148936170213,0.001184834123222749,0.86
True,True,93,93,0.9313609467455621,0.05319148936170213,0.001183431952662722,0.86
True,True,93,93,0.9314420803782506,0.05319148936170213,0.001182033096926714,0.86
True,False,71,94,0.9314420803782506,0.05263157894736842,0.001182033096926714,0.86
True,True,94,94,0.9315230224321134,0.05263157894736842,0.0011806375442739079,0.86
True,True,88,94,0.9304245283018868,0.05263157894736842,0.0011792452830188679,0.84
True,True,94,94,0.9305064782096584,0.05263157894736842,0.001177856301531213,0.84
True,True,94,94,0.9305882352941176,0.05263157894736842,0.001176470588235294,0.84
True,True,94,94,0.9306698002350177,0.05263157894736842,0.0011750881316098707,0.84
True,True,94,94,0.9307511737089202,0.05263157894736842,0.0011737089201877935,0.86
True,True,94,94,0.9308323563892146,0.05263157894736842,0.0011723329425556857,0.86
True,True,94,94,0.9309133489461359,0.05263157894736842,0.00117096018735363,0.86
True,True,94,94,0.9309941520467836,0.05263157894736842,0.0011695906432748538,0.86
True,False,73,95,0.9309941520467836,0.052083333333333336,0.0011695906432748538,0.86
True,True,95,95,0.9310747663551402,0.052083333333333336,0.0011682242990654205,0.86
True,True,95,95,0.9311551925320887,0.052083333333333336,0.0011668611435239206,0.88
True,True,95,95,0.9312354312354313,0.052083333333333336,0.0011655011655011655,0.88
True,True,95,95,0.9313154831199069,0.052083333333333336,0.0011641443538998836,0.88
True,True,95,95,0.9313953488372093,0.052083333333333336,0.0011627906976744186,0.88
True,True,95,95,0.9314750290360047,0.052083333333333336,0.0011614401858304297,0.88
True,True,95,95,0.931554524361949,0.052083333333333336,0.001160092807424594,0.88
True,True,95,95,0.9316338354577057,0.052083333333333336,0.0011587485515643105,0.88
True,True,95,95,0.9317129629629629,0.052083333333333336,0.0011574074074074073,0.88
True,False,50,96,0.9317129629629629,0.05154639175257732,0.0011574074074074073,0.88
True,True,61,96,0.930635838150289,0.05154639175257732,0.0011560693641618498,0.86
True,True,85,96,0.9295612009237876,0.05154639175257732,0.0011547344110854503,0.84
True,True,96,96,0.9296424452133795,0.05154639175257732,0.0011534025374855825,0.84
True,True,96,96,0.9297235023041475,0.05154639175257732,0.001152073732718894,0.84
True,True,88,96,0.9286536248561565,0.05154639175257732,0.0011507479861910242,0.82
True,True,96,96,0.9287356321839081,0.05154639175257732,0.0011494252873563218,0.84
True,True,96,96,0.928817451205511,0.05154639175257732,0.001148105625717566,0.86
True,True,96,96,0.9288990825688074,0.05154639175257732,0.0011467889908256881,0.86
True,True,96,96,0.9289805269186713,0.05154639175257732,0.001145475372279496,0.86
True,False,19,97,0.9289805269186713,0.05102040816326531,0.001145475372279496,0.86
True,True,97,97,0.9290617848970252,0.05102040816326531,0.0011441647597254005,0.86
True,True,97,97,0.9291428571428572,0.05102040816326531,0.001142857142857143,0.88
True,True,84,97,0.928082191780822,0.05102040816326531,0.001141552511415525,0.86
True,True,82,97,0.927023945267959,0.05102040816326531,0.0011402508551881414,0.84
True,True,97,97,0.9271070615034168,0.05102040816326531,0.0011389521640091116,0.84
True,True,97,97,0.9271899886234357,0.05102040816326531,0.0011376564277588168,0.86
True,True,97,97,0.9272727272727272,0.05102040816326531,0.0011363636363636363,0.86
True,True,97,97,0.927355278093076,0.05102040816326531,0.0011350737797956867,0.86
True,True,97,97,0.927437641723356,0.05102040816326531,0.0011337868480725624,0.86
True,False,23,98,0.927437641723356,0.050505050505050504,0.0011337868480725624,0.86
True,True,98,98,0.927519818799547,0.050505050505050504,0.0011325028312570782,0.88
True,True,98,98,0.9276018099547512,0.050505050505050504,0.0011312217194570137,0.88
True,True,98,98,0.927683615819209,0.050505050505050504,0.0011299435028248588,0.88
True,True,98,98,0.927765237020316,0.050505050505050504,0.001128668171557562,0.88
True,True,98,98,0.9278466741826381,0.050505050505050504,0.0011273957158962795,0.88
True,True,98,98,0.9279279279279279,0.050505050505050504,0.0011261261261261261,0.88
True,True,98,98,0.9280089988751407,0.050505050505050504,0.0011248593925759281,0.88
True,True,98,98,0.9280898876404494,0.050505050505050504,0.0011235955056179776,0.88
True,True,98,98,0.9281705948372615,0.050505050505050504,0.001122334455667789,0.88
True,False,70,99,0.9281705948372615,0.05,0.001122334455667789,0.88
True,True,99,99,0.9282511210762332,0.05,0.0011210762331838565,0.88
True,True,99,99,0.9283314669652856,0.05,0.0011198208286674132,0.88
True,True,99,99,0.9284116331096197,0.05,0.0011185682326621924,0.88
True,True,99,99,0.9284916201117318,0.05,0.0011173184357541898,0.88
True,True,70,99,0.9274553571428571,0.05,0.0011160714285714285,0.86
True,True,99,99,0.927536231884058,0.05,0.0011148272017837235,0.86
True,True,99,99,0.9276169265033407,0.05,0.0011135857461024498,0.88
True,True,99,99,0.9276974416017798,0.05,0.0011123470522803114,0.88
True,True,99,99,0.9277777777777778,0.05,0.0011111111111111111,0.88
True,False,89,100,0.9277777777777778,0.04950495049504951,0.0011111111111111111,0.88
